{"_runtime":3528.568223745,"UAR_val":0.5892136096954346,"Accuracy_train":0.8300250172615051,"Loss_val":0.5345057845115662,"Accuracy_val":0.7356300950050354,"_wandb":{"runtime":4570},"UAR_train":0.7824302315711975,"_step":0,"Loss_train":0.5002201795578003,"_timestamp":1.7289082848786628e+09}