{"Loss_train":0.5067245960235596,"UAR_train":0.7614637017250061,"_wandb":{"runtime":4579},"_runtime":3522.079133423,"Accuracy_train":0.8121768832206726,"_timestamp":1.728908264695352e+09,"UAR_val":0.5669724941253662,"Loss_val":0.56654292345047,"Accuracy_val":0.6877820491790771,"_step":0}